rad,cp,ms,kmh
150,1002,18,65
150,1002,18,65
0,1006,-1,-4
150,1002,18,65
0,1006,-1,-4
150,1004,17,61
0,1008,-1,-4
150,1004,17,61
0,1008,-1,-4
150,1004,17,61
0,1008,-1,-4
0,1006,-1,-4
150,1000,17,61
200,996,19,68
250,992,22,79
200,996,19,68
170,998,18,65
150,1000,17,61
200,996,19,68
250,992,22,79
300,988,25,90
250,992,22,79
180,996,19,68
150,998,18,65
230,994,21,76
250,990,24,86
250,988,25,90
220,994,21,76
180,996,19,68
0,1000,-1,-4
230,994,21,76
270,985,27,97
270,985,27,97
240,992,22,79
200,996,19,68
0,1000,-1,-4
230,994,21,76
270,985,27,97
250,990,24,86
200,996,19,68
0,1000,-1,-4
230,994,21,76
250,990,24,86
180,996,19,68
150,999,18,65
0,1002,-1,-4
250,992,22,79
270,990,24,86
200,996,19,68
0,1000,-1,-4
260,992,22,79
280,990,24,86
220,996,19,68
0,1000,-1,-4
280,990,24,86
280,990,24,86
220,996,19,68
0,1000,-1,-4
270,990,24,86
230,994,21,76
0,1000,-1,-4
270,990,24,86
200,996,19,68
0,1002,-1,-4
280,990,24,86
220,996,19,68
0,1002,-1,-4
270,992,22,79
220,996,19,68
0,1004,-1,-4
250,992,22,79
200,998,18,65
0,1004,-1,-4
250,992,22,79
200,998,18,65
0,1002,-1,-4
220,996,19,68
0,1002,-1,-4
200,998,18,65
0,1004,-1,-4
0,1004,-1,-4
300,998,18,65
350,994,21,76
400,990,24,86
400,990,24,86
350,994,21,76
300,998,18,65
320,996,19,68
350,994,21,76
400,990,24,86
350,994,21,76
0,998,-1,-4
320,996,19,68
350,994,21,76
400,990,24,86
350,994,21,76
0,998,-1,-4
370,994,21,76
400,990,24,86
370,992,22,79
320,996,19,68
0,998,-1,-4
400,994,21,76
430,990,24,86
370,992,22,79
0,998,-1,-4
350,994,21,76
350,990,24,86
320,994,21,76
0,1000,-1,-4
330,994,21,76
340,992,22,79
0,996,-1,-4
330,992,22,79
250,994,21,76
0,998,-1,-4
310,992,22,79
270,992,22,79
230,994,21,76
200,996,19,68
0,998,-1,-4
270,994,21,76
230,994,21,76
190,996,19,68
0,998,-1,-4
250,996,19,68
210,996,19,68
190,998,18,65
0,1000,-1,-4
230,996,19,68
190,998,18,65
0,1000,-1,-4
0,1000,-1,-4
150,1000,18,65
170,998,18,65
200,996,19,68
250,990,24,86
200,998,18,65
0,1002,-1,-4
150,1000,18,65
180,996,19,68
220,994,21,76
250,990,24,86
0,1000,-1,-4
150,1000,18,65
180,996,19,68
200,994,21,76
230,990,24,86
0,1002,-1,-4
150,1000,18,65
200,996,19,68
230,990,24,86
200,996,19,68
0,1002,-1,-4
170,998,18,65
210,994,21,76
230,990,24,86
0,1000,-1,-4
170,998,18,65
210,994,21,76
220,992,22,79
0,1002,-1,-4
180,998,18,65
220,992,22,79
200,998,18,65
0,1002,-1,-4
180,994,21,76
220,990,24,86
180,998,18,65
0,1002,-1,-4
200,994,21,76
220,990,24,86
0,1002,-1,-4
250,990,24,86
250,990,24,86
0,1002,-1,-4
250,990,24,86
200,994,21,76
0,1002,-1,-4
280,985,27,97
200,994,21,76
0,1004,-1,-4
280,985,27,97
0,1000,-1,-4
230,990,24,86
0,1000,-1,-4
220,992,22,79
0,1002,-1,-4
180,998,18,65
0,1004,-1,-4
0,1000,-1,-4
150,1000,18,65
200,994,21,76
250,985,27,97
300,975,34,122
350,970,36,130
330,975,34,122
200,996,19,68
250,990,24,86
300,980,31,112
350,970,36,130
400,965,38,137
350,970,36,130
280,985,27,97
350,970,36,130
400,960,40,144
430,950,43,155
450,945,45,162
430,950,43,155
300,975,31,112
350,960,40,144
430,950,43,155
450,945,45,162
450,945,45,162
400,955,41,148
320,970,36,130
350,960,40,144
430,950,43,155
480,940,47,169
420,955,41,148
350,970,36,130
350,965,38,137
400,950,43,155
480,935,48,173
450,940,47,169
380,960,40,144
300,980,31,112
380,955,41,148
450,940,47,169
480,930,50,180
450,940,47,169
320,970,36,130
150,998,18,65
400,935,48,173
430,925,51,184
430,925,51,184
350,950,43,155
250,980,31,112
0,1000,-1,-4
450,925,51,184
480,915,54,194
480,915,54,194
380,950,43,155
250,985,27,97
0,1000,-1,-4
450,925,51,184
480,915,54,194
470,920,53,191
330,960,40,144
220,990,24,86
0,1004,-1,-4
450,925,51,184
480,915,54,194
420,925,51,184
300,970,36,130
0,1000,-1,-4
430,935,48,173
480,915,54,194
400,930,50,180
250,980,31,112
0,1002,-1,-4
450,930,50,180
480,920,53,191
330,960,40,144
180,990,24,86
0,1004,-1,-4
450,930,50,180
480,920,53,191
280,970,36,130
160,992,22,79
0,1004,-1,-4
430,935,48,173
450,930,50,180
250,975,34,122
150,998,18,65
0,1004,-1,-4
400,940,47,169
400,940,47,169
230,985,27,97
0,1000,-1,-4
370,945,45,162
320,960,40,144
170,990,24,86
0,1002,-1,-4
360,955,41,148
300,975,34,122
0,998,-1,-4
380,950,43,155
250,985,27,97
0,1002,-1,-4
380,955,41,148
200,990,24,86
0,1004,-1,-4
380,965,38,137
180,996,19,68
0,1004,-1,-4
350,975,34,122
0,1000,-1,-4
280,985,27,97
0,1002,-1,-4
180,994,21,76
0,1003,-1,-4
0,998,-1,-4
120,1000,17,61
200,996,19,68
0,1000,-1,-4
120,1000,17,61
210,994,21,76
0,1002,-1,-4
120,1000,17,61
200,996,19,68
0,1002,-1,-4
150,996,19,68
0,1002,-1,-4
150,998,18,65
0,1004,-1,-4
150,998,18,65
0,1002,-1,-4
150,1000,18,65
0,1004,-1,-4
0,1002,-1,-4
200,1000,18,65
220,994,21,76
240,992,22,79
260,990,24,86
0,1002,-1,-4
200,998,18,65
220,994,21,76
240,990,24,86
230,992,22,79
0,1002,-1,-4
220,996,19,68
230,992,22,79
250,990,24,86
230,992,22,79
0,1002,-1,-4
230,994,21,76
250,990,24,86
200,992,22,79
0,1000,-1,-4
230,994,21,76
250,990,24,86
180,992,22,79
0,1000,-1,-4
250,994,21,76
300,985,27,97
200,990,24,86
0,1004,-1,-4
260,992,22,79
280,985,27,97
0,998,-1,-4
280,985,27,97
270,990,24,86
0,1000,-1,-4
280,985,27,97
250,990,24,86
0,1002,-1,-4
280,980,31,112
200,994,21,76
0,1002,-1,-4
270,985,27,97
150,998,18,65
0,1002,-1,-4
270,985,27,97
0,1002,-1,-4
270,985,27,97
0,1002,-1,-4
260,990,24,86
0,1002,-1,-4
0,998,-1,-4
170,998,18,65
180,994,21,76
0,1002,-1,-4
210,996,19,68
200,994,21,76
0,1002,-1,-4
220,994,21,76
0,1000,-1,-4
220,992,22,79
0,1002,-1,-4
200,994,21,76
0,1004,-1,-4
180,996,19,68
0,1004,-1,-4
0,1000,-1,-4
180,1000,18,65
200,996,19,68
220,994,21,76
230,992,22,79
250,990,24,86
250,990,24,86
200,990,24,86
250,965,38,137
300,950,43,155
280,960,40,144
250,960,40,144
220,970,36,130
200,975,34,122
300,955,41,148
250,970,36,130
280,965,38,137
250,970,36,130
150,980,31,112
230,955,41,148
320,940,47,169
300,950,43,155
320,940,47,169
280,965,38,137
150,996,19,68
230,955,41,148
320,940,47,169
300,960,40,144
300,955,41,148
230,980,31,112
0,1000,-1,-4
230,955,41,148
320,945,45,162
300,955,41,148
280,960,40,144
200,990,24,86
0,1002,-1,-4
280,940,47,169
250,960,40,144
270,955,41,148
230,975,34,122
0,1000,-1,-4
300,930,50,180
250,955,41,148
280,950,43,155
200,975,34,122
0,1000,-1,-4
280,940,47,169
250,955,41,148
250,955,41,148
200,975,34,122
0,1000,-1,-4
280,955,41,148
280,945,45,162
230,955,41,148
180,985,27,97
0,1000,-1,-4
280,960,40,144
280,950,43,155
250,955,41,148
150,994,21,76
0,1000,-1,-4
250,965,38,137
280,950,43,155
200,970,36,130
150,998,18,65
0,1002,-1,-4
280,960,40,144
300,945,45,162
200,975,34,122
0,1000,-1,-4
320,955,41,148
350,945,45,162
180,980,31,112
0,1004,-1,-4
330,955,41,148
340,950,43,155
150,985,27,97
0,1004,-1,-4
330,955,41,148
280,960,40,144
150,994,21,76
0,1000,-1,-4
330,955,41,148
230,975,34,122
0,998,-1,-4
320,955,41,148
200,985,27,97
0,1000,-1,-4
300,965,38,137
180,990,24,86
0,1004,-1,-4
300,970,36,130
0,998,-1,-4
310,985,27,97
0,998,-1,-4
200,994,21,76
0,1000,-1,-4
0,996,-1,-4
150,996,19,68
170,994,21,76
200,990,24,86
250,985,27,97
250,985,27,97
150,996,19,68
150,996,19,68
170,994,21,76
200,990,24,86
280,980,31,112
230,985,27,97
130,998,18,65
170,994,21,76
200,990,24,86
230,985,27,97
300,975,34,122
180,990,24,86
0,1000,-1,-4
180,992,22,79
200,990,24,86
230,985,27,97
270,980,31,112
150,996,19,68
0,1000,-1,-4
180,992,22,79
220,988,25,90
270,980,31,112
230,985,27,97
0,1000,-1,-4
200,990,24,86
230,985,27,97
300,975,34,122
200,990,24,86
0,1000,-1,-4
200,988,25,90
230,982,30,108
300,975,34,122
180,990,24,86
0,1000,-1,-4
200,985,27,97
250,980,31,112
250,980,31,112
180,992,22,79
0,1000,-1,-4
200,985,27,97
250,980,31,112
180,985,27,97
0,1000,-1,-4
230,980,31,112
250,980,31,112
160,992,22,79
0,1002,-1,-4
300,975,34,122
250,980,31,112
150,996,19,68
0,1002,-1,-4
300,975,34,122
200,985,27,97
130,998,18,65
0,1002,-1,-4
320,970,36,130
180,985,27,97
0,1000,-1,-4
320,970,36,130
160,990,24,86
0,1000,-1,-4
350,970,36,130
130,996,19,68
0,1002,-1,-4
350,975,34,122
0,1000,-1,-4
300,980,31,112
0,1000,-1,-4
250,985,27,97
0,1000,-1,-4
100,988,20,72
0,1000,-1,-4
0,992,-1,-4
120,985,27,97
180,980,31,112
250,975,34,122
300,975,34,122
350,970,36,130
350,970,36,130
150,985,27,97
270,975,34,122
280,975,34,122
330,970,36,130
380,965,38,137
380,965,38,137
150,985,27,97
220,980,31,112
280,975,34,122
330,970,36,130
380,965,38,137
350,965,38,137
160,980,31,112
170,980,31,112
250,975,34,122
350,970,36,130
380,965,38,137
350,970,36,130
160,980,31,112
200,975,34,122
300,970,36,130
380,965,38,137
380,965,38,137
350,970,36,130
160,980,31,112
200,975,34,122
300,970,36,130
380,965,38,137
380,965,38,137
350,970,36,130
160,980,31,112
200,975,34,122
300,970,36,130
380,965,38,137
400,960,40,144
380,965,38,137
160,980,31,112
200,975,34,122
300,965,38,137
380,960,40,144
400,960,40,144
380,965,38,137
160,985,27,97
160,985,27,97
200,980,31,112
200,980,31,112
180,985,27,97
170,990,24,86
160,985,27,97
160,985,27,97
200,980,31,112
200,980,31,112
180,985,27,97
170,990,24,86
140,992,22,79
180,985,27,97
200,980,31,112
180,990,24,86
160,992,22,79
140,994,21,76
150,990,24,86
180,985,27,97
200,980,31,112
160,990,24,86
150,992,22,79
150,992,22,79
150,992,22,79
180,985,27,97
200,980,31,112
160,990,24,86
150,992,22,79
150,992,22,79
150,992,22,79
160,990,24,86
180,985,27,97
160,990,24,86
150,992,22,79
150,992,22,79
140,992,22,79
160,990,24,86
180,985,27,97
160,990,24,86
150,992,22,79
140,994,21,76
140,992,22,79
160,990,24,86
180,985,27,97
160,990,24,86
150,992,22,79
140,994,21,76
140,992,22,79
160,990,24,86
180,985,27,97
160,990,24,86
150,992,22,79
140,994,21,76
120,994,21,76
150,990,24,86
180,985,27,97
150,990,24,86
140,992,22,79
120,994,21,76
120,994,21,76
150,990,24,86
130,992,22,79
130,992,22,79
120,994,21,76
110,996,19,68
120,994,21,76
150,990,24,86
130,992,22,79
120,994,21,76
120,994,21,76
0,998,-1,-4
120,994,21,76
130,992,22,79
130,992,22,79
120,994,21,76
100,996,19,68
0,998,-1,-4
120,994,21,76
130,992,22,79
120,994,21,76
100,996,19,68
80,998,18,65
0,1000,-1,-4
120,994,21,76
130,992,22,79
120,994,21,76
100,996,19,68
0,1000,-1,-4
120,994,21,76
120,994,21,76
120,996,19,68
100,998,18,65
0,1000,-1,-4
120,998,18,65
120,998,18,65
120,998,18,65
0,1000,-1,-4
120,1000,18,65
120,1000,18,65
100,1002,17,61
0,1004,-1,-4
120,1000,18,65
120,1000,18,65
0,1004,-1,-4
120,1000,18,65
120,1000,18,65
0,1004,-1,-4
120,1000,18,65
120,1000,18,65
0,1004,-1,-4
0,1004,-1,-4
80,1004,18,65
0,1006,-1,-4
0,1008,-1,-4
200,1000,18,65
250,995,20,72
270,990,24,86
300,985,27,97
280,990,24,86
250,996,19,68
220,998,18,65
250,992,22,79
280,985,27,97
300,980,31,112
270,990,24,86
250,996,19,68
230,996,19,68
270,990,24,86
280,985,27,97
300,980,31,112
270,990,24,86
230,996,19,68
230,996,19,68
270,990,24,86
280,985,27,97
300,980,31,112
270,990,24,86
230,996,19,68
230,996,19,68
270,990,24,86
280,985,27,97
280,985,27,97
200,992,22,79
0,1000,-1,-4
250,992,22,79
300,985,27,97
350,980,31,112
270,988,25,90
200,994,21,76
0,1002,-1,-4
250,990,24,86
350,980,31,112
280,985,27,97
180,992,22,79
0,1000,-1,-4
280,988,25,90
350,980,31,112
300,985,27,97
150,996,19,68
0,1000,-1,-4
280,988,25,90
300,985,27,97
250,990,24,86
120,998,18,65
0,1000,-1,-4
280,988,25,90
300,985,27,97
230,990,24,86
120,998,18,65
0,1000,-1,-4
300,985,27,97
280,985,27,97
180,994,21,76
0,1000,-1,-4
300,985,27,97
250,990,24,86
180,996,19,68
0,1004,-1,-4
300,985,27,97
300,985,27,97
180,994,21,76
0,1002,-1,-4
220,990,24,86
220,990,24,86
150,994,21,76
0,1000,-1,-4
220,990,24,86
220,990,24,86
180,994,21,76
160,996,19,68
0,998,-1,-4
200,992,22,79
200,992,22,79
180,994,21,76
160,996,19,68
0,998,-1,-4
170,994,21,76
170,994,21,76
150,996,19,68
0,998,-1,-4
150,996,19,68
150,996,19,68
0,998,-1,-4
0,1000,-1,-4
200,1002,18,65
220,998,19,68
220,998,19,68
200,1000,18,65
200,1000,18,65
200,1000,18,65
200,1000,18,65
220,998,18,65
200,1000,18,65
180,1000,18,65
0,1002,-1,-4
200,1000,18,65
220,998,18,65
200,1000,18,65
180,1000,18,65
0,1002,-1,-4
200,1000,18,65
200,1000,18,65
180,1002,17,61
0,1004,-1,-4
200,1000,18,65
200,1000,18,65
180,1002,17,61
0,1004,-1,-4
200,1000,18,65
200,1000,18,65
0,1002,-1,-4
200,1000,18,65
200,1000,18,65
0,0,-1,-4
200,1000,18,65
200,1000,18,65
0,1004,-1,-4
200,1000,18,65
0,1004,-1,-4
0,1002,-1,-4
150,1000,18,65
170,994,21,76
200,990,24,86
200,990,24,86
180,992,22,79
150,996,19,68
160,998,19,68
170,994,21,76
200,990,24,86
200,990,24,86
180,992,22,79
130,998,18,65
160,998,18,65
170,994,21,76
200,990,24,86
200,990,24,86
180,992,22,79
130,998,18,65
180,994,21,76
190,992,22,79
200,990,24,86
190,992,22,79
170,994,21,76
130,998,18,65
200,990,24,86
230,985,27,97
200,990,24,86
190,992,22,79
170,996,19,68
0,1000,-1,-4
250,985,27,97
250,985,27,97
220,990,24,86
180,994,21,76
0,998,-1,-4
250,985,27,97
250,985,27,97
220,990,24,86
0,996,-1,-4
250,985,27,97
220,990,24,86
0,996,-1,-4
250,985,27,97
200,992,22,79
0,996,-1,-4
0,998,-1,-4
250,1002,18,65
300,994,21,76
380,985,27,97
350,985,27,97
300,990,24,86
0,998,-1,-4
270,1000,18,65
350,994,21,76
450,980,31,112
380,985,27,97
0,998,-1,-4
350,998,18,65
380,990,24,86
450,975,34,122
330,990,24,86
0,998,-1,-4
350,998,18,65
400,985,27,97
450,975,34,122
0,992,-1,-4
350,996,19,68
420,980,31,112
400,980,31,112
0,992,-1,-4
400,985,27,97
420,980,31,112
400,980,31,112
0,990,-1,-4
400,985,27,97
420,975,34,122
350,985,27,97
0,994,-1,-4
400,985,27,97
420,975,34,122
0,996,-1,-4
400,985,27,97
420,975,34,122
0,996,-1,-4
410,980,31,112
410,980,31,112
0,996,-1,-4
400,980,31,112
400,980,31,112
0,996,-1,-4
420,975,34,122
0,994,-1,-4
400,975,34,122
0,994,-1,-4
400,975,30,108
0,994,-1,-4
400,985,27,97
0,990,-1,-4
0,985,-1,-4
250,1000,18,65
300,990,24,86
350,980,31,112
400,970,36,130
400,970,36,130
350,975,34,122
250,1000,18,65
300,990,24,86
350,980,31,112
400,970,36,130
430,965,38,137
400,970,36,130
270,996,19,68
300,985,27,97
350,975,34,122
400,965,38,137
430,960,40,144
380,965,38,137
280,994,21,76
300,985,27,97
350,975,34,122
430,960,40,144
430,960,40,144
350,970,36,130
250,990,24,86
280,980,31,112
320,970,36,130
380,960,40,144
350,965,38,137
300,975,34,122
280,985,27,97
300,975,34,122
350,965,38,137
400,955,41,148
350,965,38,137
280,980,31,112
300,980,31,112
320,970,36,130
380,960,40,144
400,955,41,148
350,965,38,137
250,985,27,97
350,975,34,122
380,965,38,137
400,955,41,148
400,955,41,148
380,965,38,137
250,990,24,86
380,960,40,144
400,955,41,148
420,950,43,155
400,955,41,148
360,970,36,130
200,996,19,68
400,955,41,148
450,945,45,162
460,940,47,169
400,950,43,155
350,965,38,137
280,990,24,86
420,935,48,173
470,925,51,184
480,920,53,191
450,940,47,169
350,965,38,137
250,995,20,72
460,915,54,194
470,910,56,202
460,920,53,191
450,940,47,169
350,965,38,137
250,990,24,86
460,915,54,194
470,910,56,202
450,930,50,180
430,945,45,162
300,970,36,130
230,994,21,76
460,915,54,194
470,910,56,202
420,935,48,173
380,960,40,144
280,980,31,112
180,998,18,65
470,915,54,194
480,910,56,202
400,935,48,173
300,980,31,112
200,990,24,86
0,1000,-1,-4
460,920,53,191
430,930,50,180
350,945,45,162
280,980,31,112
0,994,-1,-4
440,925,51,184
400,935,48,173
300,955,41,148
220,990,24,86
0,1002,-1,-4
440,925,51,184
380,940,47,169
320,970,36,130
200,998,18,65
0,1002,-1,-4
420,935,48,173
320,970,36,130
220,990,24,86
0,1000,-1,-4
380,940,47,169
320,970,36,130
200,992,22,79
0,1002,-1,-4
370,945,45,162
320,970,36,130
200,992,22,79
0,1002,-1,-4
380,940,47,169
320,975,34,122
0,998,-1,-4
400,940,47,169
300,980,31,112
0,1000,-1,-4
380,945,45,162
150,996,19,68
0,1002,-1,-4
300,975,34,122
0,998,-1,-4
230,990,20,72
0,1002,-1,-4
0,996,-1,-4
200,1000,18,65
220,996,19,68
250,990,24,86
300,980,31,112
250,985,27,97
180,996,19,68
220,996,19,68
250,990,24,86
270,985,27,97
300,980,31,112
200,994,21,76
0,1002,-1,-4
220,994,21,76
270,985,27,97
300,980,31,112
270,985,27,97
0,1000,-1,-4
250,990,24,86
300,980,31,112
300,980,31,112
200,994,21,76
0,1000,-1,-4
350,975,34,122
400,965,38,137
380,970,36,130
0,1000,-1,-4
360,970,36,130
400,965,38,137
350,975,34,122
0,1000,-1,-4
360,970,36,130
330,970,36,130
280,985,27,97
0,1002,-1,-4
380,965,38,137
350,965,38,137
200,994,21,76
0,1004,-1,-4
380,965,38,137
320,970,36,130
0,1000,-1,-4
380,965,38,137
280,985,27,97
0,1002,-1,-4
350,965,38,137
250,990,24,86
0,1004,-1,-4
350,965,35,126
0,996,-1,-4
350,965,35,126
0,1000,-1,-4
200,985,27,97
0,1000,-1,-4
150,994,21,76
0,1002,-1,-4
0,1004,-1,-4
150,1000,18,65
160,998,18,65
180,998,18,65
0,998,-1,-4
200,1000,18,65
230,996,19,68
220,998,18,65
0,1000,-1,-4
200,998,18,65
230,996,19,68
200,998,18,65
0,1002,-1,-4
200,998,18,65
230,996,19,68
200,998,18,65
0,1002,-1,-4
220,998,18,65
230,996,19,68
0,1000,-1,-4
230,996,19,68
220,996,19,68
0,1004,-1,-4
230,996,19,68
220,996,19,68
0,1006,-1,-4
220,996,19,68
0,998,-1,-4
220,996,19,68
0,998,-1,-4
200,996,19,68
0,998,-1,-4
180,994,21,76
0,998,-1,-4
0,992,-1,-4
200,1000,18,65
230,994,21,76
280,990,24,86
350,980,31,112
380,970,36,130
360,975,34,122
250,996,19,68
280,990,24,86
320,975,34,122
360,965,38,137
380,960,40,144
360,965,38,137
280,992,22,79
300,985,27,97
350,970,36,130
430,955,41,148
400,960,40,144
380,965,38,137
280,992,22,79
320,980,31,112
350,970,36,130
450,950,43,155
400,955,41,148
380,965,38,137
300,990,24,86
330,975,34,122
380,960,40,144
450,950,43,155
400,955,41,148
350,965,38,137
300,988,25,90
350,975,34,122
400,960,40,144
450,950,43,155
430,955,41,148
380,965,38,137
300,985,27,97
350,975,34,122
400,960,40,144
450,950,43,155
430,955,41,148
380,970,36,130
300,985,27,97
380,970,36,130
430,955,41,148
480,945,45,162
400,960,40,144
380,970,36,130
330,980,31,112
400,965,38,137
450,950,43,155
430,955,41,148
400,965,38,137
350,975,34,122
330,980,31,112
400,965,38,137
450,950,43,155
430,955,41,148
380,970,36,130
330,980,31,112
330,980,31,112
400,965,38,137
450,950,43,155
430,955,41,148
380,970,36,130
330,980,31,112
330,980,31,112
400,965,38,137
430,955,41,148
420,960,40,144
380,970,36,130
350,985,27,97
330,980,31,112
380,970,36,130
420,960,40,144
400,965,38,137
350,980,31,112
280,990,24,86
350,975,34,122
400,965,38,137
420,960,40,144
400,965,38,137
300,985,27,97
230,994,21,76
370,970,36,130
400,965,38,137
400,965,38,137
350,975,34,122
300,985,27,97
230,994,21,76
350,960,40,144
400,955,41,148
400,955,41,148
330,980,31,112
250,990,24,86
200,996,19,68
350,960,40,144
400,955,41,148
400,955,41,148
300,985,27,97
200,996,19,68
0,1002,-1,-4
350,960,40,144
400,955,41,148
350,960,40,144
250,990,24,86
0,998,-1,-4
400,960,40,144
450,955,41,148
350,970,36,130
250,990,24,86
0,998,-1,-4
430,955,41,148
400,960,40,144
300,980,31,112
0,998,-1,-4
430,955,41,148
350,970,36,130
250,990,24,86
0,998,-1,-4
430,955,41,148
350,970,36,130
200,994,21,76
0,998,-1,-4
420,960,40,144
320,985,27,97
0,998,-1,-4
380,960,40,144
180,994,21,76
0,1000,-1,-4
330,970,36,130
160,996,19,68
0,1000,-1,-4
300,975,34,122
150,998,18,65
0,1002,-1,-4
130,996,19,68
0,1000,-1,-4
0,1000,-1,-4
200,1000,18,65
220,992,22,79
250,985,27,97
300,975,34,122
280,980,31,112
250,990,24,86
200,998,18,65
220,990,24,86
250,985,27,97
300,975,34,122
250,985,27,97
220,992,22,79
200,994,21,76
220,990,24,86
270,980,31,112
300,975,34,122
250,985,27,97
0,996,-1,-4
280,992,22,79
300,985,27,97
330,980,31,112
380,970,36,130
300,990,24,86
0,996,-1,-4
280,990,24,86
300,985,27,97
350,975,34,122
300,985,27,97
260,992,22,79
0,998,-1,-4
300,985,27,97
330,980,31,112
380,970,36,130
330,980,31,112
260,992,22,79
0,998,-1,-4
300,975,34,122
330,970,36,130
380,965,38,137
330,975,34,122
300,985,27,97
280,990,24,86
0,998,-1,-4
330,970,36,130
380,965,38,137
330,975,34,122
300,980,31,112
280,990,24,86
200,994,21,76
0,998,-1,-4
350,965,38,137
380,960,40,144
350,965,38,137
300,975,34,122
200,990,24,86
0,998,-1,-4
350,955,41,148
380,950,43,155
350,955,41,148
300,970,36,130
250,980,31,112
180,994,21,76
0,998,-1,-4
350,945,45,162
350,945,45,162
330,950,43,155
300,970,36,130
230,985,27,97
150,994,21,76
0,1002,-1,-4
400,935,48,173
400,935,48,173
350,945,45,162
320,965,38,137
230,985,27,97
150,996,19,68
0,1002,-1,-4
400,935,48,173
380,940,47,169
350,960,40,144
300,975,34,122
200,990,24,86
0,998,-1,-4
350,935,48,173
320,950,43,155
280,965,38,137
180,985,27,97
0,998,-1,-4
350,945,45,162
300,960,40,144
220,980,31,112
160,992,22,79
0,1000,-1,-4
300,955,41,148
280,960,40,144
250,970,36,130
220,980,31,112
200,985,27,97
190,990,24,86
0,994,-1,-4
280,960,40,144
230,970,36,130
200,980,31,112
180,985,27,97
160,990,24,86
0,994,-1,-4
250,970,36,130
200,980,31,112
180,985,27,97
160,992,22,79
140,996,19,68
0,998,-1,-4
210,975,34,122
180,985,27,97
160,990,24,86
140,994,21,76
0,998,-1,-4
190,980,31,112
170,990,24,86
150,994,21,76
0,998,-1,-4
150,985,27,97
130,990,24,86
110,994,21,76
0,998,-1,-4
130,990,22,79
110,994,21,76
0,998,-1,-4
0,994,-1,-4
200,998,18,65
250,990,24,86
270,985,27,97
270,985,27,97
300,980,31,112
300,980,31,112
200,994,21,76
250,990,24,86
270,985,27,97
270,985,27,97
300,980,31,112
300,980,31,112
250,990,24,86
270,985,27,97
270,985,27,97
270,985,27,97
300,980,31,112
320,975,34,122
270,985,27,97
280,975,34,122
270,980,31,112
270,975,34,122
280,970,36,130
250,970,36,130
280,975,34,122
270,980,31,112
280,975,34,122
280,970,36,130
270,970,36,130
260,975,34,122
280,975,34,122
260,980,31,112
270,975,34,122
280,970,36,130
250,975,34,122
220,980,31,112
290,965,38,137
270,970,36,130
280,965,38,137
300,960,40,144
270,970,36,130
250,975,34,122
290,965,38,137
290,965,38,137
300,960,40,144
320,955,41,148
250,970,36,130
200,980,31,112
300,960,40,144
290,965,38,137
300,960,40,144
320,955,41,148
250,965,38,137
200,980,31,112
250,970,36,130
300,965,38,137
320,960,40,144
330,955,41,148
250,965,38,137
200,985,27,97
250,970,36,130
320,960,40,144
350,955,41,148
280,970,36,130
230,980,31,112
180,992,22,79
250,970,36,130
320,960,40,144
350,955,41,148
280,970,36,130
230,985,27,97
0,996,-1,-4
250,970,36,130
320,960,40,144
350,955,41,148
320,960,40,144
230,985,27,97
0,998,-1,-4
280,970,36,130
320,960,40,144
350,955,41,148
320,965,38,137
220,990,24,86
0,1000,-1,-4
280,970,36,130
350,955,41,148
320,960,40,144
280,970,36,130
0,992,-1,-4
280,965,38,137
350,955,41,148
320,965,38,137
250,975,34,122
0,996,-1,-4
300,965,38,137
320,955,41,148
250,975,34,122
200,996,19,68
0,1000,-1,-4
300,965,38,137
300,965,38,137
220,990,24,86
0,1002,-1,-4
300,965,38,137
270,975,34,122
0,1000,-1,-4
300,965,38,137
220,985,27,97
0,1004,-1,-4
280,965,38,137
0,998,-1,-4
280,970,36,130
0,1000,-1,-4
270,980,31,112
0,1002,-1,-4
150,994,21,76
0,1004,-1,-4
150,996,19,68
0,1004,-1,-4
0,1000,-1,-4
330,996,19,68
350,985,27,97
400,970,36,130
450,960,40,144
480,955,41,148
450,960,40,144
340,994,21,76
360,985,27,97
400,970,36,130
450,960,40,144
480,955,41,148
450,960,40,144
340,994,21,76
360,985,27,97
400,970,36,130
450,960,40,144
480,950,43,155
450,955,41,148
350,992,22,79
380,980,31,112
450,965,38,137
480,950,43,155
460,955,41,148
430,965,38,137
370,985,27,97
400,975,34,122
450,960,40,144
480,950,43,155
450,960,40,144
380,980,31,112
370,980,31,112
400,970,36,130
450,950,43,155
430,955,41,148
380,970,36,130
350,990,24,86
370,980,31,112
420,960,40,144
450,950,43,155
420,955,41,148
350,975,34,122
0,994,-1,-4
380,970,36,130
420,960,40,144
450,950,43,155
430,960,40,144
350,980,31,112
0,994,-1,-4
400,965,38,137
420,960,40,144
450,950,43,155
400,965,38,137
0,985,-1,-4
400,965,38,137
430,955,41,148
450,950,43,155
380,965,38,137
0,990,-1,-4
400,955,41,148
450,945,45,162
430,945,45,162
350,970,36,130
0,992,-1,-4
430,945,45,162
450,940,47,169
430,945,45,162
0,980,-1,-4
450,940,47,169
460,935,48,173
430,945,45,162
0,985,-1,-4
450,940,47,169
480,935,48,173
380,955,41,148
0,985,-1,-4
450,940,47,169
400,945,45,162
320,970,36,130
0,990,-1,-4
400,945,45,162
350,960,40,144
0,985,-1,-4
400,950,43,155
350,965,38,137
0,990,-1,-4
400,955,41,148
330,975,34,122
0,990,-1,-4
400,955,41,148
300,980,31,112
0,990,-1,-4
400,960,40,144
0,990,-1,-4
380,965,38,137
0,990,-1,-4
370,975,34,122
0,985,-1,-4
0,980,-1,-4
220,1000,18,65
270,990,24,86
330,975,34,122
380,960,40,144
400,950,43,155
420,945,45,162
230,990,24,86
270,980,31,112
350,965,38,137
400,950,43,155
420,940,47,169
400,945,45,162
270,980,31,112
350,965,38,137
400,950,43,155
450,940,47,169
450,940,47,169
400,950,43,155
300,970,36,130
370,955,41,148
420,940,47,169
450,935,48,173
420,940,47,169
380,950,43,155
320,965,38,137
380,950,43,155
420,940,47,169
450,935,48,173
420,940,47,169
360,955,41,148
330,960,40,144
380,945,45,162
430,935,48,173
450,930,50,180
420,940,47,169
360,955,41,148
350,950,43,155
400,940,47,169
450,930,50,180
450,930,50,180
400,940,47,169
360,955,41,148
360,935,48,173
400,930,50,180
420,920,53,191
400,930,50,180
370,940,47,169
350,955,41,148
370,925,51,184
400,920,53,191
400,920,53,191
380,930,50,180
350,940,47,169
330,955,41,148
380,920,53,191
400,915,54,194
380,920,53,191
360,930,50,180
330,945,45,162
300,960,40,144
380,920,53,191
400,915,54,194
380,920,53,191
360,930,50,180
330,945,45,162
300,960,40,144
380,920,53,191
400,915,54,194
380,920,53,191
360,935,48,173
330,950,43,155
300,965,38,137
380,920,53,191
400,915,54,194
380,920,53,191
360,935,48,173
330,950,43,155
300,970,36,130
380,920,53,191
380,920,53,191
380,920,53,191
360,935,48,173
330,950,43,155
300,970,36,130
380,920,53,191
380,920,53,191
350,930,50,180
330,940,47,169
300,955,41,148
280,975,34,122
380,920,53,191
360,925,51,184
340,930,50,180
320,940,47,169
300,955,41,148
280,975,34,122
360,925,51,184
360,925,51,184
340,930,50,180
320,940,47,169
280,955,41,148
250,975,34,122
340,930,50,180
320,935,48,173
300,945,45,162
260,960,40,144
230,970,36,130
200,980,31,112
320,940,47,169
300,945,45,162
280,955,41,148
250,965,38,137
230,975,34,122
180,990,24,86
320,945,45,162
300,950,43,155
280,955,41,148
250,965,38,137
220,975,34,122
170,992,22,79
320,950,43,155
300,955,41,148
270,960,40,144
230,970,36,130
200,980,31,112
0,992,-1,-4
320,950,43,155
300,960,40,144
260,965,38,137
220,975,34,122
200,985,27,97
0,992,-1,-4
320,955,41,148
300,960,40,144
260,965,38,137
220,975,34,122
200,985,27,97
0,992,-1,-4
320,955,41,148
300,960,40,144
260,965,38,137
220,975,34,122
200,985,27,97
0,992,-1,-4
320,955,41,148
300,960,40,144
280,965,38,137
250,975,34,122
200,990,24,86
0,998,-1,-4
320,955,41,148
300,960,40,144
280,965,38,137
250,980,31,112
0,992,-1,-4
320,965,38,137
300,975,34,122
280,980,31,112
250,990,24,86
0,994,-1,-4
320,965,38,137
300,975,34,122
280,985,27,97
250,995,20,72
0,998,-1,-4
300,970,36,130
280,980,31,112
250,990,24,86
0,998,-1,-4
300,975,34,122
280,985,27,97
250,990,24,86
0,998,-1,-4
300,975,34,122
280,985,27,97
250,990,24,86
0,998,-1,-4
300,980,31,112
280,985,27,97
250,990,24,86
0,998,-1,-4
300,980,31,112
280,985,27,97
250,990,24,86
0,998,-1,-4
300,980,31,112
280,985,27,97
0,994,-1,-4
300,980,31,112
280,985,27,97
0,994,-1,-4
300,980,31,112
280,985,27,97
0,994,-1,-4
280,985,27,97
0,994,-1,-4
250,990,24,86
0,996,-1,-4
250,990,24,86
0,998,-1,-4
0,992,-1,-4
200,1000,18,65
240,990,24,86
280,980,31,112
320,970,36,130
360,960,40,144
360,960,40,144
210,996,19,68
250,985,27,97
300,975,34,122
340,965,38,137
370,955,41,148
370,955,41,148
230,990,24,86
280,975,34,122
340,960,40,144
360,955,41,148
380,950,43,155
340,960,40,144
250,980,31,112
300,965,38,137
350,955,41,148
380,950,43,155
360,955,41,148
340,965,38,137
320,980,31,112
370,965,38,137
400,955,41,148
430,945,45,162
370,955,41,148
300,970,36,130
320,970,36,130
350,965,38,137
400,955,41,148
430,945,45,162
360,960,40,144
300,975,34,122
350,950,43,155
380,945,45,162
400,940,47,169
380,945,45,162
330,970,36,130
300,990,24,86
350,940,47,169
380,930,50,180
380,930,50,180
350,940,47,169
300,975,34,122
230,994,21,76
400,915,54,194
420,910,56,202
420,910,56,202
350,940,47,169
270,980,31,112
200,996,19,68
400,900,59,212
400,900,59,212
350,920,53,191
300,950,43,155
260,980,31,112
0,992,-1,-4
400,900,59,212
380,910,56,202
320,930,50,180
250,960,40,144
0,990,-1,-4
400,900,59,212
360,915,54,194
300,935,48,173
240,970,36,130
0,992,-1,-4
380,900,59,212
330,920,53,191
280,940,47,169
250,970,36,130
0,994,-1,-4
360,905,57,205
320,930,50,180
250,950,43,155
200,970,36,130
0,994,-1,-4
360,905,57,205
320,930,50,180
250,955,41,148
0,975,-1,-4
360,915,54,194
320,935,48,173
250,965,38,137
0,985,-1,-4
360,915,54,194
300,950,43,155
0,980,-1,-4
400,925,51,184
280,960,40,144
0,980,-1,-4
380,930,50,180
250,970,36,130
0,985,-1,-4
380,935,48,173
250,975,34,122
0,990,-1,-4
350,950,43,155
0,985,-1,-4
330,965,38,137
0,990,-1,-4
280,970,36,130
0,992,-1,-4
0,985,-1,-4
200,1000,18,65
230,994,21,76
250,985,27,97
280,980,31,112
280,980,31,112
250,985,27,97
220,994,21,76
240,985,27,97
260,975,34,122
280,965,38,137
260,975,34,122
220,985,27,97
230,992,22,79
250,975,34,122
260,970,36,130
280,960,40,144
250,975,34,122
220,985,27,97
230,985,27,97
240,975,34,122
260,965,38,137
280,960,40,144
250,975,34,122
220,985,27,97
240,980,31,112
250,975,34,122
280,965,38,137
280,965,38,137
250,975,34,122
220,985,27,97
240,980,31,112
260,970,36,130
280,960,40,144
270,965,38,137
230,985,27,97
200,990,24,86
280,970,36,130
290,965,38,137
300,960,40,144
280,965,38,137
230,985,27,97
180,992,22,79
280,960,40,144
280,960,40,144
300,955,41,148
260,970,36,130
230,985,27,97
0,996,-1,-4
260,965,38,137
280,960,40,144
280,960,40,144
250,975,34,122
200,990,24,86
0,1000,-1,-4
270,970,36,130
280,960,40,144
280,960,40,144
250,975,34,122
200,990,24,86
0,1002,-1,-4
280,965,38,137
300,960,40,144
280,965,38,137
230,980,31,112
0,996,-1,-4
280,965,38,137
300,960,40,144
280,965,38,137
230,980,31,112
0,996,-1,-4
320,960,40,144
320,960,40,144
270,975,34,122
200,990,24,86
0,996,-1,-4
320,955,41,148
300,960,40,144
250,980,31,112
0,996,-1,-4
300,955,41,148
250,965,38,137
200,980,31,112
0,1000,-1,-4
250,955,41,148
200,975,34,122
160,990,24,86
0,1002,-1,-4
230,965,38,137
200,980,31,112
150,994,21,76
0,1002,-1,-4
220,975,34,122
200,985,27,97
150,994,21,76
0,1002,-1,-4
200,985,27,97
180,990,24,86
150,996,19,68
0,1004,-1,-4
180,990,24,86
150,996,19,68
0,1000,-1,-4
170,994,21,76
130,998,18,65
0,1004,-1,-4
160,996,19,68
0,1002,-1,-4
150,998,18,65
0,1004,-1,-4
0,1002,-1,-4
150,1000,18,65
200,990,24,86
250,975,34,122
300,960,40,144
330,950,43,155
330,950,43,155
160,998,18,65
230,985,27,97
270,970,36,130
300,960,40,144
350,945,45,162
330,950,43,155
170,996,19,68
230,985,27,97
270,970,36,130
300,950,43,155
350,945,45,162
330,950,43,155
200,990,24,86
250,975,34,122
330,960,40,144
370,940,47,169
350,945,45,162
330,950,43,155
200,985,27,97
250,965,38,137
300,950,43,155
350,940,47,169
300,945,45,162
300,950,43,155
240,975,34,122
280,960,40,144
320,940,47,169
280,945,45,162
300,945,45,162
280,955,41,148
240,975,34,122
280,960,40,144
320,940,47,169
300,945,45,162
300,945,45,162
280,955,41,148
300,955,41,148
330,945,45,162
350,935,48,173
330,945,45,162
320,950,43,155
260,965,38,137
300,945,45,162
360,920,53,191
350,925,51,184
300,940,47,169
280,950,43,155
250,975,34,122
320,930,50,180
360,915,54,194
320,930,50,180
300,940,47,169
260,955,41,148
220,985,27,97
300,915,54,194
320,905,57,205
280,930,50,180
270,940,47,169
250,955,41,148
150,994,21,76
300,905,57,205
320,900,59,212
280,935,48,173
270,945,45,162
250,965,38,137
150,996,19,68
330,900,59,212
330,900,59,212
270,940,47,169
260,950,43,155
220,980,31,112
130,998,18,65
320,900,59,212
310,910,56,202
300,945,45,162
270,960,40,144
200,990,24,86
0,1000,-1,-4
340,890,61,220
300,910,56,202
280,945,45,162
250,970,36,130
200,990,24,86
0,1000,-1,-4
340,890,61,220
300,920,53,191
280,940,47,169
250,980,31,112
0,992,-1,-4
340,900,59,212
310,925,51,184
250,945,45,162
220,985,27,97
0,994,-1,-4
370,920,53,191
300,930,50,180
240,950,43,155
200,985,27,97
0,994,-1,-4
380,930,50,180
330,940,47,169
250,965,38,137
200,985,27,97
0,998,-1,-4
380,935,48,173
320,950,43,155
250,970,36,130
200,990,24,86
0,1000,-1,-4
370,945,45,162
320,955,41,148
230,980,31,112
0,998,-1,-4
400,945,45,162
340,955,41,148
230,980,31,112
0,1000,-1,-4
450,945,45,162
330,960,40,144
200,990,24,86
0,1002,-1,-4
430,950,43,155
300,970,36,130
200,994,21,76
0,1004,-1,-4
400,955,41,148
270,975,34,122
0,998,-1,-4
380,955,41,148
260,985,27,97
0,1002,-1,-4
350,955,41,148
180,990,24,86
0,1006,-1,-4
340,965,38,137
0,1000,-1,-4
320,975,34,122
0,1000,-1,-4
200,996,19,68
0,1004,-1,-4
0,1004,-1,-4
150,1000,18,65
0,1004,-1,-4
150,1000,18,65
0,1004,-1,-4
0,1004,-1,-4
250,1000,18,65
250,996,19,68
250,998,18,65
230,998,18,65
230,998,18,65
220,1000,18,65
250,998,18,65
270,996,19,68
250,998,18,65
230,1000,18,65
0,1002,-1,-4
250,998,18,65
250,998,18,65
230,1000,18,65
0,1002,-1,-4
270,998,18,65
270,998,18,65
230,1000,18,65
0,1004,-1,-4
270,1000,18,65
250,998,18,65
220,1000,18,65
0,1004,-1,-4
250,1000,18,65
200,1002,18,65
0,1004,-1,-4
0,1004,-1,-4
